min,max
163.3613739013672,315.20001220703125
